-- phpMyAdmin SQL Dump
-- version 4.5.4.1deb2ubuntu2
-- http://www.phpmyadmin.net
--
-- Host: localhost
-- Generation Time: Aug 01, 2018 at 01:20 AM
-- Server version: 5.7.22-0ubuntu0.16.04.1
-- PHP Version: 7.0.30-0ubuntu0.16.04.1

SET SQL_MODE = "NO_AUTO_VALUE_ON_ZERO";
SET time_zone = "+00:00";


/*!40101 SET @OLD_CHARACTER_SET_CLIENT=@@CHARACTER_SET_CLIENT */;
/*!40101 SET @OLD_CHARACTER_SET_RESULTS=@@CHARACTER_SET_RESULTS */;
/*!40101 SET @OLD_COLLATION_CONNECTION=@@COLLATION_CONNECTION */;
/*!40101 SET NAMES utf8mb4 */;

--
-- Database: `cca`
--

DELIMITER $$
--
-- Procedures
--
CREATE DEFINER=`root`@`localhost` PROCEDURE `list` (IN `m` INT(4))  READS SQL DATA
    DETERMINISTIC
SELECT marklist.sid, students.name, marklist.cat , marklist.ba ,marklist.te9,marklist.qb,marklist.bc,marklist.dt,marklist.gst  
FROM marklist 
INNER JOIN students 
ON marklist.sid = students.id 
WHERE marklist.mid = m$$

CREATE DEFINER=`root`@`localhost` PROCEDURE `studentcheck` (IN `fiid` VARCHAR(8))  READS SQL DATA
    DETERMINISTIC
SELECT marklist.sid, students.name, month.month, marklist.cat , marklist.ba ,marklist.te9,marklist.qb,marklist.bc,marklist.dt,marklist.gst

FROM marklist 
INNER JOIN month ON marklist.mid = month.id
INNER JOIN students ON marklist.sid = students.id
WHERE sid = fiid$$

DELIMITER ;

-- --------------------------------------------------------

--
-- Stand-in structure for view `1-May-18`
--
CREATE TABLE `1-May-18` (
`eid` int(11)
,`month` varchar(8)
,`sid` varchar(8)
,`name` varchar(40)
,`cat` varchar(3)
,`ba` varchar(3)
,`te9` varchar(3)
,`qb` varchar(3)
,`bc` varchar(3)
,`dt` varchar(3)
,`gst` varchar(3)
);

-- --------------------------------------------------------

--
-- Stand-in structure for view `2-Jun-18`
--
CREATE TABLE `2-Jun-18` (
`eid` int(11)
,`month` varchar(8)
,`sid` varchar(8)
,`name` varchar(40)
,`cat` varchar(3)
,`ba` varchar(3)
,`te9` varchar(3)
,`qb` varchar(3)
,`bc` varchar(3)
,`dt` varchar(3)
,`gst` varchar(3)
);

-- --------------------------------------------------------

--
-- Stand-in structure for view `3-Jul-18`
--
CREATE TABLE `3-Jul-18` (
`eid` int(11)
,`month` varchar(8)
,`sid` varchar(8)
,`name` varchar(40)
,`cat` varchar(3)
,`ba` varchar(3)
,`te9` varchar(3)
,`qb` varchar(3)
,`bc` varchar(3)
,`dt` varchar(3)
,`gst` varchar(3)
);

-- --------------------------------------------------------

--
-- Table structure for table `marklist`
--

CREATE TABLE `marklist` (
  `eid` int(11) NOT NULL,
  `sid` varchar(8) NOT NULL,
  `mid` int(4) NOT NULL,
  `cat` varchar(3) DEFAULT NULL,
  `ba` varchar(3) DEFAULT NULL,
  `te9` varchar(3) DEFAULT NULL,
  `qb` varchar(3) DEFAULT NULL,
  `bc` varchar(3) DEFAULT NULL,
  `dt` varchar(3) DEFAULT NULL,
  `gst` varchar(3) DEFAULT NULL
) ENGINE=InnoDB DEFAULT CHARSET=latin1;

--
-- Dumping data for table `marklist`
--

INSERT INTO `marklist` (`eid`, `sid`, `mid`, `cat`, `ba`, `te9`, `qb`, `bc`, `dt`, `gst`) VALUES
(1, 'CCAS01', 1, '', '', '', '', '', '', '0'),
(2, 'CCAS02', 1, '', '', '', '', '', '', '0'),
(3, 'CCAS03', 1, '', '', '', '', '', '', '0'),
(4, 'CCAS04', 1, '', '', '', '', '', '', '0'),
(5, 'CCAS05', 1, '', '', '', '', '', '', '0'),
(6, 'CCAS06', 1, '', '', '', '', '', '', '0'),
(7, 'CCAS07', 1, '0', '0', '0', '0', '0', '0', '0'),
(8, 'CCAS08', 1, '0', '0', '0', '', '', '0', '0'),
(9, 'CCAS09', 1, '', '0', '0', '', '', '0', '0'),
(10, 'CCAS10', 1, '0', '0', '0', '0', '0', '0', '0'),
(11, 'CCAS11', 1, '', '', '', '', '', '', '0'),
(12, 'CCAS12', 1, '0', '', '', '', '', '', ''),
(13, 'CCAS13', 1, '0', '0', '0', '', '', '', ''),
(14, 'CCAS14', 1, '', '', '0', '', '', '', '0'),
(15, 'CCAS15', 1, '0', '', '', '', '', '', ''),
(16, 'CCAS16', 1, '63', '63', '0', '0', '0', '0', '0'),
(17, 'CCAS17', 1, '0', '', '', '', '', '', ''),
(18, 'CCAS18', 1, '0', '0', '0', '', '', '', ''),
(19, 'CCAS001', 1, '52', '60', '0', '0', '0', '', ''),
(20, 'CCAS002', 1, '0', '0', '0', '0', '0', '', '0'),
(21, 'CCAS003', 1, '0', '0', '0', '0', '0', '', '0'),
(22, 'CCAS004', 1, '0', '0', '0', '0', '0', '0', '0'),
(23, 'CCAS005', 1, '0', '0', '0', '0', '0', '0', '0'),
(24, 'CCAS006', 1, '0', '0', '0', '0', '0', '0', '0'),
(25, 'CCAS007', 1, '0', '0', '0', '0', '0', '0', '0'),
(26, 'CCAS008', 1, '0', '0', '0', '0', '0', '0', '0'),
(27, 'CCAS009', 1, '0', '0', '0', '0', '0', '0', '0'),
(28, 'CCAS010', 1, '', '', '0', '', '', '', ''),
(29, 'CCAS011', 1, '', '', '0', '', '', '', ''),
(30, 'CCAS012', 1, '', '0', '', '', '', '', ''),
(31, 'CCAS013', 1, '', '0', '', '', '', '', ''),
(32, 'CCAS014', 1, '', '0', '', '', '', '', ''),
(33, 'CCAS015', 1, '72', '73', '0', '0', '0', '0', '0'),
(34, 'CCAS016', 1, '', '', '', '0', '', '', ''),
(35, 'CCAS017', 1, '0', '0', '0', '', '0', '', ''),
(36, 'CCAS018', 1, '', '', '0', '', '', '', ''),
(37, 'CCAS019', 1, '', '', '0', '', '', '', ''),
(38, 'CCAS020', 1, '', '', '0', '', '', '0', '0'),
(39, 'CCAS021', 1, '0', '', '', '', '', '', ''),
(40, 'CCAS022', 1, '', '', '0', '', '', '', ''),
(41, 'CCAS023', 1, '', '', '0', '', '', '', ''),
(42, 'CCAS024', 1, '0', '0', '0', '', '', '', ''),
(43, 'CCAS025', 1, '', '0', '', '', '', '', ''),
(44, 'CCAS026', 1, '0', '', '0', '', '', '', ''),
(45, 'CCAS027', 1, '', '', '0', '', '', '', ''),
(46, 'CCAS028', 1, '', '', '0', '', '', '', '0'),
(47, 'CCAS029', 1, '', '', '75', '', '', '', ''),
(48, 'CCAS030', 1, '', '0', '', '0', '', '', ''),
(49, 'CCAS031', 1, '', '', '', '', '0', '', ''),
(50, 'CCAS032', 1, '0', '0', '0', '0', '0', '0', '0'),
(51, 'CCAS033', 1, '0', '', '68', '', '', '', ''),
(52, 'CCAS034', 1, '', '0', '', '', '', '', '0'),
(53, 'CCAS035', 1, '', '', '0', '', '', '', ''),
(54, 'CCAS036', 1, '', '', '', '', '', '', '0'),
(55, 'CCAS037', 1, '', '', '', '', '', '', '0'),
(56, 'CCAS038', 1, '', '', '', '', '', '', '0'),
(57, 'CCAS039', 1, '', '', '', '', '', '', '0'),
(58, 'CCAS040', 1, '', '', '', '0', '', '', ''),
(59, 'CCAS041', 1, '0', '', '', '', '', '', ''),
(60, 'CCAS042', 1, '', '0', '0', '', '', '', ''),
(61, 'CCAS043', 1, '0', '0', '0', '0', '0', '', ''),
(62, 'CCAS044', 1, '75', '76', '0', '0', '0', '0', '0'),
(63, 'CCAS045', 1, '80', '72', '0', '0', '0', '0', '0'),
(64, 'CCAS046', 1, '', '', '', '', '', '', '0'),
(65, 'CCAS047', 1, '', '', '', '', '', '', '0'),
(66, 'CCAS048', 1, '', '0', '', '', '', '0', '0'),
(67, 'CCAS049', 1, '', '0', '', '', '', '', ''),
(68, 'CCAS050', 1, '', '', '0', '', '', '', ''),
(69, 'CCAS051', 1, '', '', '', '0', '', '', ''),
(70, 'CCAS052', 1, '', '', '75', '', '', '', ''),
(71, 'CCAS053', 1, '', '0', '0', '', '', '', ''),
(72, 'CCAS054', 1, '', '', '0', '', '', '', ''),
(73, 'CCAS055', 1, '0', '0', '0', '0', '0', '0', '0'),
(74, 'CCAS056', 1, '0', '0', '0', '0', '0', '0', '0'),
(75, 'CCAS057', 1, '', '', '0', '', '', '', ''),
(76, 'CCAS058', 1, '0', '', '', '', '', '', ''),
(77, 'CCAS059', 1, '68', '81', '0', '0', '0', '0', '0'),
(78, 'CCAS060', 1, '', '', '', '0', '', '', ''),
(79, 'CCAS061', 1, '', '', '', '0', '', '', ''),
(80, 'CCAS062', 1, '', '', '', '', '', '0', ''),
(81, 'CCAS064', 1, '', '', '', '', '', '', '0'),
(82, 'CCAS066', 1, '65', '90', '0', '', '0', '', ''),
(83, 'CCAS071', 1, '', '', '', '', '', '0', '0'),
(84, 'CCAS073', 1, '0', '0', '0', '0', '0', '0', '0'),
(85, 'CCAS074', 1, '', '', '0', '', '', '', ''),
(86, 'CCAS076', 1, '0', '0', '0', '0', '0', '0', '0'),
(87, 'CCAS077', 1, '0', '0', '0', '', '', '', ''),
(88, 'CCAS079', 1, '', '', '', '', '', '0', '0'),
(89, 'CCAS081', 1, '', '0', '0', '', '', '', '0'),
(90, 'CCAS082', 1, '', '0', '0', '', '', '', ''),
(91, 'CCAS083', 1, '', '', '', '', '', '', '0'),
(92, 'CCAS084', 1, '', '0', '', '', '', '', '0'),
(93, 'CCAS085', 1, '', '0', '0', '', '', '', ''),
(94, 'CCAS086', 1, '', '', '75', '', '', '', ''),
(95, 'CCAS087', 1, '', '', '75', '', '', '', ''),
(96, 'CCAS088', 1, '0', '0', '0', '0', '0', '0', '0'),
(97, 'CCAS089', 1, '', '', '', '', '', '', '0'),
(98, 'CCAS090', 1, '0', '', '', '', '', '', ''),
(99, 'CCAS091', 1, '0', '', '0', '', '', '', ''),
(100, 'CCAS092', 1, '0', '', '', '', '', '', ''),
(101, 'CCAS093', 1, '', '', '', '', '', '0', ''),
(102, 'CCAS095', 1, '0', '0', '0', '0', '0', '0', '0'),
(103, 'CCAS096', 1, '', '', '', '', '0', '', ''),
(104, 'CCAS097', 1, '', '', '', '', '', '', '0'),
(105, 'CCAS098', 1, '', '', '', '', '', '', '0'),
(106, 'CCAS099', 1, '', '', '', '', '', '', '0'),
(107, 'CCAS100', 1, '', '', '', '', '', '', '0'),
(108, 'CCAS101', 1, '', '', '', '', '', '', '0'),
(109, 'CCAS102', 1, '', '', '', '', '', '', '0'),
(110, 'CCAS103', 1, '', '', '', '0', '', '', ''),
(111, 'CCAA104', 1, '', '', '', '', '', '', '0'),
(112, 'CCAS01', 2, '', '', '', '', '', '', '0'),
(113, 'CCAS02', 2, '', '', '', '', '', '', '0'),
(114, 'CCAS03', 2, '', '', '', '', '', '', '0'),
(115, 'CCAS04', 2, '', '', '', '', '', '', '0'),
(116, 'CCAS05', 2, '', '', '', '', '', '', '0'),
(117, 'CCAS06', 2, '', '', '', '', '', '', '0'),
(118, 'CCAS07', 2, '0', '0', '0', '0', '0', '0', '0'),
(119, 'CCAS08', 2, '0', '0', '0', '', '', '0', '0'),
(120, 'CCAS09', 2, '', '0', '0', '', '', '0', '0'),
(121, 'CCAS10', 2, '0', '0', '0', '0', '0', '0', '0'),
(122, 'CCAS11', 2, '', '', '', '', '', '', '0'),
(123, 'CCAS12', 2, '0', '', '', '', '', '', ''),
(124, 'CCAS13', 2, '0', '0', '0', '', '', '', ''),
(125, 'CCAS14', 2, '', '', '0', '', '', '', '0'),
(126, 'CCAS15', 2, '0', '', '', '', '', '', ''),
(127, 'CCAS16', 2, '63', '63', '0', '0', '0', '0', '0'),
(128, 'CCAS17', 2, '0', '', '', '', '', '', ''),
(129, 'CCAS18', 2, '0', '0', '0', '', '', '', ''),
(130, 'CCAS001', 2, '52', '60', '0', '0', '0', '', ''),
(131, 'CCAS002', 2, '0', '0', '0', '0', '0', '', '0'),
(132, 'CCAS003', 2, '0', '0', '0', '0', '0', '', '0'),
(133, 'CCAS004', 2, '0', '0', '0', '0', '0', '0', '0'),
(134, 'CCAS005', 2, '0', '0', '0', '0', '0', '0', '0'),
(135, 'CCAS006', 2, '0', '0', '0', '0', '0', '0', '0'),
(136, 'CCAS007', 2, '0', '0', '0', '0', '0', '0', '0'),
(137, 'CCAS008', 2, '0', '0', '0', '0', '0', '0', '0'),
(138, 'CCAS009', 2, '0', '0', '0', '0', '0', '0', '0'),
(139, 'CCAS010', 2, '', '', '0', '', '', '', ''),
(140, 'CCAS011', 2, '', '', '0', '', '', '', ''),
(141, 'CCAS012', 2, '', '0', '', '', '', '', ''),
(142, 'CCAS013', 2, '', '0', '', '', '', '', ''),
(143, 'CCAS014', 2, '', '0', '', '', '', '', ''),
(144, 'CCAS015', 2, '72', '73', '0', '0', '0', '0', '0'),
(145, 'CCAS016', 2, '', '', '', '0', '', '', ''),
(146, 'CCAS017', 2, '0', '0', '0', '', '0', '', ''),
(147, 'CCAS018', 2, '', '', '0', '', '', '', ''),
(148, 'CCAS019', 2, '', '', '0', '', '', '', ''),
(149, 'CCAS020', 2, '', '', '0', '', '', '0', '0'),
(150, 'CCAS021', 2, '0', '', '', '', '', '', ''),
(151, 'CCAS022', 2, '', '', '0', '', '', '', ''),
(152, 'CCAS023', 2, '', '', '0', '', '', '', ''),
(153, 'CCAS024', 2, '0', '0', '0', '', '', '', ''),
(154, 'CCAS025', 2, '', '0', '', '', '', '', ''),
(155, 'CCAS026', 2, '0', '', '0', '', '', '', ''),
(156, 'CCAS027', 2, '', '', '0', '', '', '', ''),
(157, 'CCAS028', 2, '', '', '0', '', '', '', '0'),
(158, 'CCAS029', 2, '', '', '75', '', '', '', ''),
(159, 'CCAS030', 2, '', '0', '', '0', '', '', ''),
(160, 'CCAS031', 2, '', '', '', '', '0', '', ''),
(161, 'CCAS032', 2, '0', '0', '0', '0', '0', '0', '0'),
(162, 'CCAS033', 2, '0', '', '68', '', '', '', ''),
(163, 'CCAS034', 2, '', '0', '', '', '', '', '0'),
(164, 'CCAS035', 2, '', '', '0', '', '', '', ''),
(165, 'CCAS036', 2, '', '', '', '', '', '', '0'),
(166, 'CCAS037', 2, '', '', '', '', '', '', '0'),
(167, 'CCAS038', 2, '', '', '', '', '', '', '0'),
(168, 'CCAS039', 2, '', '', '', '', '', '', '0'),
(169, 'CCAS040', 2, '', '', '', '0', '', '', ''),
(170, 'CCAS041', 2, '0', '', '', '', '', '', ''),
(171, 'CCAS042', 2, '', '0', '0', '', '', '', ''),
(172, 'CCAS043', 2, '0', '0', '0', '0', '0', '', ''),
(173, 'CCAS044', 2, '75', '76', '0', '0', '0', '0', '0'),
(174, 'CCAS045', 2, '80', '72', '0', '0', '0', '0', '0'),
(175, 'CCAS046', 2, '', '', '', '', '', '', '0'),
(176, 'CCAS047', 2, '', '', '', '', '', '', '0'),
(177, 'CCAS048', 2, '', '0', '', '', '', '0', '0'),
(178, 'CCAS049', 2, '', '0', '', '', '', '', ''),
(179, 'CCAS050', 2, '', '', '0', '', '', '', ''),
(180, 'CCAS051', 2, '', '', '', '0', '', '', ''),
(181, 'CCAS052', 2, '', '', '75', '', '', '', ''),
(182, 'CCAS053', 2, '', '0', '0', '', '', '', ''),
(183, 'CCAS054', 2, '', '', '0', '', '', '', ''),
(184, 'CCAS055', 2, '0', '0', '0', '0', '0', '0', '0'),
(185, 'CCAS056', 2, '0', '0', '0', '0', '0', '0', '0'),
(186, 'CCAS057', 2, '', '', '0', '', '', '', ''),
(187, 'CCAS058', 2, '0', '', '', '', '', '', ''),
(188, 'CCAS059', 2, '68', '81', '0', '0', '0', '0', '0'),
(189, 'CCAS060', 2, '', '', '', '0', '', '', ''),
(190, 'CCAS061', 2, '', '', '', '0', '', '', ''),
(191, 'CCAS062', 2, '', '', '', '', '', '0', ''),
(192, 'CCAS063', 2, '', '', '0', '', '', '', ''),
(193, 'CCAS064', 2, '', '', '', '', '', '', '0'),
(194, 'CCAS065', 2, '', '', '', '', '', '0', ''),
(195, 'CCAS066', 2, '65', '90', '0', '', '0', '', ''),
(196, 'CCAS067', 2, '', '', '0', '', '', '', ''),
(197, 'CCAS068', 2, '', '', '0', '', '', '', ''),
(198, 'CCAS069', 2, '', '', '0', '', '', '', ''),
(199, 'CCAS071', 2, '', '', '', '', '', '0', '0'),
(200, 'CCAS072', 2, '0', '', '', '0', '', '', ''),
(201, 'CCAS073', 2, '0', '0', '0', '0', '0', '0', '0'),
(202, 'CCAS074', 2, '', '', '0', '', '', '', ''),
(203, 'CCAS075', 2, '0', '', '', '', '', '', ''),
(204, 'CCAS076', 2, '0', '0', '0', '0', '0', '0', '0'),
(205, 'CCAS077', 2, '0', '0', '0', '', '', '', ''),
(206, 'CCAS078', 2, '', '', '', '', '', '', ''),
(207, 'CCAS079', 2, '', '', '', '', '', '0', '0'),
(208, 'CCAS081', 2, '', '0', '0', '', '', '', '0'),
(209, 'CCAS082', 2, '', '0', '0', '', '', '', ''),
(210, 'CCAS083', 2, '', '', '', '', '', '', '0'),
(211, 'CCAS084', 2, '', '0', '', '', '', '', '0'),
(212, 'CCAS085', 2, '', '0', '0', '', '', '', ''),
(213, 'CCAS086', 2, '', '', '75', '', '', '', ''),
(214, 'CCAS087', 2, '', '', '75', '', '', '', ''),
(215, 'CCAS088', 2, '0', '0', '0', '0', '0', '0', '0'),
(216, 'CCAS089', 2, '', '', '', '', '', '', '0'),
(217, 'CCAS090', 2, '0', '', '', '', '', '', ''),
(218, 'CCAS091', 2, '0', '', '0', '', '', '', ''),
(219, 'CCAS092', 2, '0', '', '', '', '', '', ''),
(220, 'CCAS093', 2, '', '', '', '', '', '0', ''),
(221, 'CCAS094', 2, '', '0', '', '', '', '', ''),
(222, 'CCAS095', 2, '0', '0', '0', '0', '0', '0', '0'),
(223, 'CCAS096', 2, '', '', '', '', '0', '', ''),
(224, 'CCAS097', 2, '', '', '', '', '', '', '0'),
(225, 'CCAS098', 2, '', '', '', '', '', '', '0'),
(226, 'CCAS099', 2, '', '', '', '', '', '', '0'),
(227, 'CCAS100', 2, '', '', '', '', '', '', '0'),
(228, 'CCAS101', 2, '', '', '', '', '', '', '0'),
(229, 'CCAS102', 2, '', '', '', '', '', '', '0'),
(230, 'CCAS103', 2, '', '', '', '0', '', '', ''),
(231, 'CCAS104', 2, '', '', '', '', '', '', '0'),
(232, 'CCAS01', 3, '', '', '', '', '', '', '0'),
(233, 'CCAS02', 3, '', '', '', '', '', '', '0'),
(234, 'CCAS03', 3, '', '', '', '', '', '', '0'),
(235, 'CCAS04', 3, '', '', '', '', '', '', '0'),
(236, 'CCAS05', 3, '', '', '', '', '', '', '0'),
(237, 'CCAS06', 3, '', '', '', '', '', '', '0'),
(238, 'CCAS07', 3, '0', '0', '0', '0', '0', '0', '0'),
(239, 'CCAS08', 3, '0', '0', '0', '', '', '0', '0'),
(240, 'CCAS09', 3, '', '0', '0', '', '', '0', '0'),
(241, 'CCAS10', 3, '0', '0', '0', '0', '0', '0', '0'),
(242, 'CCAS11', 3, '', '', '', '', '', '', '0'),
(243, 'CCAS12', 3, '0', '', '', '', '', '', ''),
(244, 'CCAS13', 3, '0', '0', '0', '', '', '', ''),
(245, 'CCAS14', 3, '', '', '0', '', '', '', '0'),
(246, 'CCAS15', 3, '0', '', '', '', '', '', ''),
(247, 'CCAS16', 3, '63', '63', '0', '0', '0', '0', '0'),
(248, 'CCAS17', 3, '0', '', '', '', '', '', ''),
(249, 'CCAS18', 3, '0', '0', '0', '', '', '', ''),
(250, 'CCAS001', 3, '52', '60', '0', '0', '0', '', ''),
(251, 'CCAS002', 3, '0', '0', '0', '0', '0', '', '0'),
(252, 'CCAS003', 3, '0', '0', '0', '0', '0', '', '0'),
(253, 'CCAS004', 3, '0', '0', '0', '0', '0', '0', '0'),
(254, 'CCAS005', 3, '0', '0', '0', '0', '0', '0', '0'),
(255, 'CCAS006', 3, '0', '0', '0', '0', '0', '0', '0'),
(256, 'CCAS007', 3, '0', '0', '0', '0', '0', '0', '0'),
(257, 'CCAS008', 3, '0', '0', '0', '0', '0', '0', '0'),
(258, 'CCAS009', 3, '0', '0', '0', '0', '0', '0', '0'),
(259, 'CCAS010', 3, '', '', '0', '', '', '', ''),
(260, 'CCAS011', 3, '', '', '0', '', '', '', ''),
(261, 'CCAS012', 3, '', '0', '', '', '', '', ''),
(262, 'CCAS013', 3, '', '0', '', '', '', '', ''),
(263, 'CCAS014', 3, '', '65', '', '', '', '', ''),
(264, 'CCAS015', 3, '72', '73', '0', '0', '0', '0', '0'),
(265, 'CCAS016', 3, '', '', '', '0', '', '', ''),
(266, 'CCAS017', 3, '0', '0', '0', '', '0', '', ''),
(267, 'CCAS018', 3, '', '', '0', '', '', '', ''),
(268, 'CCAS019', 3, '', '', '0', '', '', '', ''),
(269, 'CCAS020', 3, '', '', '0', '', '', '0', '0'),
(270, 'CCAS021', 3, '0', '', '', '', '', '', ''),
(271, 'CCAS022', 3, '', '', '0', '', '', '', ''),
(272, 'CCAS023', 3, '', '', '0', '', '', '', ''),
(273, 'CCAS024', 3, '0', '0', '0', '', '', '', ''),
(274, 'CCAS025', 3, '', '0', '', '', '', '', ''),
(275, 'CCAS026', 3, '0', '', '0', '', '', '', ''),
(276, 'CCAS027', 3, '', '', '0', '', '', '', ''),
(277, 'CCAS028', 3, '', '', '0', '', '', '', '0'),
(278, 'CCAS029', 3, '', '', '75', '', '', '', ''),
(279, 'CCAS030', 3, '', '0', '', '0', '', '', ''),
(280, 'CCAS031', 3, '', '', '', '', '0', '', ''),
(281, 'CCAS032', 3, '0', '0', '0', '0', '0', '0', '0'),
(282, 'CCAS033', 3, '0', '', '68', '', '', '', ''),
(283, 'CCAS034', 3, '', '0', '', '', '', '', '0'),
(284, 'CCAS035', 3, '', '', '0', '', '', '', ''),
(285, 'CCAS036', 3, '', '', '', '', '', '', '0'),
(286, 'CCAS037', 3, '', '', '', '', '', '', '0'),
(287, 'CCAS038', 3, '', '', '', '', '', '', '0'),
(288, 'CCAS039', 3, '', '', '', '', '', '', '0'),
(289, 'CCAS040', 3, '', '', '', '0', '', '', ''),
(290, 'CCAS041', 3, '0', '', '', '', '55', '', ''),
(291, 'CCAS042', 3, '', '0', '0', '', '', '', ''),
(292, 'CCAS043', 3, '68', '60', '0', '0', '0', '', ''),
(293, 'CCAS044', 3, '75', '76', '65', '0', '0', '0', '0'),
(294, 'CCAS045', 3, '80', '72', '71', '75', '82', '0', '0'),
(295, 'CCAS046', 3, '', '', '', '', '', '', '0'),
(296, 'CCAS047', 3, '', '', '', '', '', '', '0'),
(297, 'CCAS048', 3, '', '0', '', '', '', '0', '0'),
(298, 'CCAS049', 3, '', '0', '', '', '', '', ''),
(299, 'CCAS050', 3, '', '', '0', '', '', '', ''),
(300, 'CCAS051', 3, '', '', '', '0', '', '', ''),
(301, 'CCAS052', 3, '', '', '75', '', '', '', ''),
(302, 'CCAS053', 3, '', '0', '0', '', '', '', ''),
(303, 'CCAS054', 3, '', '', '0', '', '', '', ''),
(304, 'CCAS055', 3, '0', '0', '0', '0', '0', '0', '0'),
(305, 'CCAS056', 3, '0', '0', '0', '0', '0', '0', '0'),
(306, 'CCAS057', 3, '', '', '0', '', '', '', ''),
(307, 'CCAS058', 3, '0', '', '', '', '', '', ''),
(308, 'CCAS059', 3, '68', '70', '0', '0', '81', '0', '0'),
(309, 'CCAS060', 3, '', '', '', '0', '', '', ''),
(310, 'CCAS061', 3, '', '', '', '0', '', '', ''),
(311, 'CCAS062', 3, '', '', '', '', '', '0', ''),
(312, 'CCAS063', 3, '', '', '0', '', '', '', ''),
(313, 'CCAS064', 3, '', '', '', '', '', '', '0'),
(314, 'CCAS065', 3, '', '', '', '', '', '0', ''),
(315, 'CCAS066', 3, '65', '71', '0', '', '90', '', ''),
(316, 'CCAS067', 3, '', '', '0', '', '', '', ''),
(317, 'CCAS068', 3, '', '', '0', '', '', '', ''),
(318, 'CCAS069', 3, '', '', '0', '', '', '', ''),
(319, 'CCAS071', 3, '', '', '', '', '', '0', '0'),
(320, 'CCAS072', 3, '0', '', '', '0', '', '', ''),
(321, 'CCAS073', 3, '68', '65', '0', '0', '0', '0', '0'),
(322, 'CCAS074', 3, '', '', '0', '', '', '', ''),
(323, 'CCAS075', 3, '0', '', '', '', '', '', ''),
(324, 'CCAS076', 3, '0', '0', '0', '0', '0', '0', '0'),
(325, 'CCAS077', 3, '0', '0', '0', '', '', '', ''),
(326, 'CCAS078', 3, '', '', '', '', '', '', ''),
(327, 'CCAS079', 3, '', '', '', '', '', '0', '0'),
(328, 'CCAS081', 3, '', '0', '0', '', '', '', '0'),
(329, 'CCAS082', 3, '', '72', '0', '', '', '', ''),
(330, 'CCAS083', 3, '', '', '', '', '', '', '0'),
(331, 'CCAS084', 3, '', '0', '', '', '', '', '0'),
(332, 'CCAS085', 3, '', '0', '0', '', '', '', ''),
(333, 'CCAS086', 3, '', '', '75', '', '', '', ''),
(334, 'CCAS087', 3, '', '', '75', '', '', '', ''),
(335, 'CCAS088', 3, '0', '0', '0', '0', '0', '0', '0'),
(336, 'CCAS089', 3, '', '', '', '', '', '', '0'),
(337, 'CCAS090', 3, '68', '', '', '', '', '', ''),
(338, 'CCAS091', 3, '0', '', '0', '', '', '', ''),
(339, 'CCAS092', 3, '0', '', '', '', '', '', ''),
(340, 'CCAS093', 3, '', '', '', '', '', '0', ''),
(341, 'CCAS094', 3, '', '0', '', '', '', '', ''),
(342, 'CCAS095', 3, '50', '0', '0', '0', '0', '0', '0'),
(343, 'CCAS096', 3, '', '', '', '', '0', '', ''),
(344, 'CCAS097', 3, '', '', '', '', '', '', '0'),
(345, 'CCAS098', 3, '', '', '', '', '', '', '0'),
(346, 'CCAS099', 3, '69', '', '', '', '', '', '0'),
(347, 'CCAS100', 3, '', '', '', '', '', '', '0'),
(348, 'CCAS101', 3, '', '', '', '', '', '', '0'),
(349, 'CCAS102', 3, '', '', '', '', '', '', '0'),
(350, 'CCAS103', 3, '', '', '', '0', '', '', ''),
(351, 'CCAA104', 3, '', '', '', '', '', '', '0'),
(352, 'CCAS105', 3, '0', '', '', '', '', '', ''),
(353, 'CCAS106', 3, '0', '', '', '', '', '', ''),
(354, 'CCAS107', 3, '', '0', '', '', '', '', ''),
(355, 'CCAS108', 3, '', '', '', '', '', '', '0'),
(356, 'CCAS109', 3, '', '', '0', '', '', '', ''),
(357, 'CCAS110', 3, '', '', '0', '', '', '', ''),
(358, 'CCAS111', 3, '0', '0', '0', '0', '0', '0', '0'),
(359, 'CCAS112', 3, '', '', '', '', '', '0', ''),
(360, 'CCAS113', 3, '', '0', '0', '', '', '', ''),
(361, 'CCAS115', 3, '', '0', '', '', '', '', ''),
(362, 'CCAS116', 3, '', '', '0', '', '', '', ''),
(363, 'CCAS117', 3, '', '', '', '', '', '', '0'),
(364, 'CCAS118', 3, '', '0', '', '0', '', '', ''),
(365, 'CCAS119', 3, '0', '', '', '', '', '', ''),
(366, 'CCAS120', 3, '', '', '0', '', '', '', ''),
(367, 'CCAS121', 3, '', '', '', '', '', '0', ''),
(368, 'CCAS122', 3, '', '', '', '0', '', '', ''),
(369, 'CCAS123', 3, '0', '', '0', '', '', '', ''),
(370, 'CCAS124', 3, '', '', '0', '', '', '', ''),
(371, 'CCAS125', 3, '', '', '0', '', '', '', '');

-- --------------------------------------------------------

--
-- Table structure for table `month`
--

CREATE TABLE `month` (
  `id` int(4) NOT NULL,
  `month` varchar(8) NOT NULL
) ENGINE=InnoDB DEFAULT CHARSET=latin1;

--
-- Dumping data for table `month`
--

INSERT INTO `month` (`id`, `month`) VALUES
(1, 'May-18'),
(2, 'Jun-18'),
(3, 'Jul-18');

-- --------------------------------------------------------

--
-- Table structure for table `students`
--

CREATE TABLE `students` (
  `id` varchar(8) NOT NULL,
  `name` varchar(40) NOT NULL
) ENGINE=InnoDB DEFAULT CHARSET=latin1;

--
-- Dumping data for table `students`
--

INSERT INTO `students` (`id`, `name`) VALUES
('CCAA104', 'P.VIGNESH'),
('CCAS001', 'NITHYASRI .U.S'),
('CCAS002', 'JANANI .NAMASIVAYAM'),
('CCAS003', 'K.BARKAVI'),
('CCAS004', 'V.SIVARANJANI'),
('CCAS005', 'V.PRIYADHARSHINI'),
('CCAS006', 'V.RADHIGA'),
('CCAS007', 'K.SANDIYA'),
('CCAS008', 'S.SILPA'),
('CCAS009', 'M.THADHALINGAM'),
('CCAS01', 'S.RAJA'),
('CCAS010', 'MOHAMMED FAROOQ.G'),
('CCAS011', 'M.ABRAR AHAMED'),
('CCAS012', 'G.DANIEL'),
('CCAS013', 'A.SIVA'),
('CCAS014', 'RANJITH KUMAR.N'),
('CCAS015', 'N.PRIYA'),
('CCAS016', 'SRINIVASAN MADHAVAN'),
('CCAS017', 'A.ARTHI OMEGA'),
('CCAS018', 'ANANTHA SRIRAM KUMAR'),
('CCAS019', 'V.R.VENKATASUBRAMANIAM'),
('CCAS02', 'V.R.VENKATASUBRAMANIAM'),
('CCAS020', 'R.RAMESH'),
('CCAS021', 'V.AJITHA VIYANI'),
('CCAS022', 'D.MARIA ANGELENE'),
('CCAS023', 'N.MALANI'),
('CCAS024', 'M.RATHIKA'),
('CCAS025', 'K.GOKULANKANNAN'),
('CCAS026', 'M.V.ARJUN'),
('CCAS027', 'M.JAYENTH KUMAR'),
('CCAS028', 'K.NARESH KUMAR'),
('CCAS029', 'M.MUTHULAKSHMI'),
('CCAS03', 'K.A.VENKATESAN'),
('CCAS030', 'S.MOHANRAJ'),
('CCAS031', 'MAKKINA MAHENDRA'),
('CCAS032', 'D.GOVINDARAJ'),
('CCAS033', 'K.JAYA PRIYA'),
('CCAS034', 'G.SRILATHA'),
('CCAS035', 'JUA'),
('CCAS036', 'MOHAMED IMARAN'),
('CCAS037', 'S.PADMA'),
('CCAS038', 'D.JEES RONIKA'),
('CCAS039', 'S.SUMATHI'),
('CCAS04', 'G.POORNI'),
('CCAS040', 'P.URVASI'),
('CCAS041', 'M.PRABAKARAN'),
('CCAS042', 'RAJESH.K'),
('CCAS043', 'G.DIVYA'),
('CCAS044', 'R.SUBHASHINI'),
('CCAS045', 'M.PHANI SOWJANYA'),
('CCAS046', 'V.SHRUTHI'),
('CCAS047', 'HARINI.S'),
('CCAS048', 'R.MAHESHWAR'),
('CCAS049', 'LATHASRI'),
('CCAS05', 'G.MANIKANDAN'),
('CCAS050', 'K.KARTHIK'),
('CCAS051', 'SYED RAFI MOHAMMED'),
('CCAS052', 'S.SANGEETHA'),
('CCAS053', 'M.GANESAN'),
('CCAS054', 'S.SANDHYA'),
('CCAS055', 'CHARUMATHI.S.P'),
('CCAS056', 'SUVETHA.B'),
('CCAS057', 'NIHAR RANJAN BEHERA'),
('CCAS058', 'S.P.ADITYAMAHESH'),
('CCAS059', 'M.VALARMATHI'),
('CCAS06', 'RAO NARAYAN'),
('CCAS060', 'SYED AAKEF HASAN'),
('CCAS061', 'RUKKANA HAMNI.J'),
('CCAS062', 'JESSRONIKA D'),
('CCAS063', 'N.ATHIRA'),
('CCAS064', 'REVATHI.R'),
('CCAS065', 'C.THULASI'),
('CCAS066', 'BHUVANESHWARI'),
('CCAS067', 'MOHAMED SHAMEER.M'),
('CCAS068', 'M.MOHAMED FAYIS'),
('CCAS069', 'S.SAQLIN ABSATH'),
('CCAS07', 'V.RISHAB'),
('CCAS071', 'RATHNA JAYASHEELA'),
('CCAS072', 'MUTHUKARUPPI ANNAMALAI'),
('CCAS073', 'R.KAMESHWARAN'),
('CCAS074', 'R.MAHESH'),
('CCAS075', 'G.VELUCHAMY'),
('CCAS076', 'T.R.RANJITH  KUMAR'),
('CCAS077', 'JAKKAIAH JAIPRAKASH'),
('CCAS078', 'G.AZAGIA SINGAM'),
('CCAS079', 'VIJAYARAGHAVAN'),
('CCAS08', 'VANITHA RANI'),
('CCAS081', 'S.JEETH SARAVANAN'),
('CCAS082', 'K.BHARATHIMEENA'),
('CCAS083', 'A.R.SUBASH'),
('CCAS084', 'B.SENTHIL KUMAR'),
('CCAS085', 'A.HAMSAVENI'),
('CCAS086', 'R.MOHAMMED SHADIK'),
('CCAS087', 'P.NANDITA'),
('CCAS088', 'M.B.BHARGAVI'),
('CCAS089', 'K.DHANDAPANI'),
('CCAS09', 'A.SHANMUGANATHAN'),
('CCAS090', 'BINAYAK SHARMA'),
('CCAS091', 'R.SOUNDHARYA'),
('CCAS092', 'R.G.RAMYA'),
('CCAS093', 'JAGANATHAN.G'),
('CCAS094', 'SHREYAS ANAND'),
('CCAS095', 'V.SUPRAJA'),
('CCAS096', 'T.K.SIDHARTHAN'),
('CCAS097', 'A.ANTHONY RAJESH KANNA'),
('CCAS098', 'S.PRIYANKA'),
('CCAS099', 'CHAITANYA CHORDIA.N'),
('CCAS10', 'B.ABARNA'),
('CCAS100', 'S.SUDHARSHAN'),
('CCAS101', 'G.SATHISH KUMAR'),
('CCAS102', 'M.ARAVINDAN'),
('CCAS103', 'ABDUL AZEEZ.A'),
('CCAS104', 'P.VIGNESH'),
('CCAS105', 'SRIPRIYA SIVAKUMAR'),
('CCAS106', 'R.DEVRAJ'),
('CCAS107', 'J.SATHISH KUMAR'),
('CCAS108', 'D.JAWAHAR'),
('CCAS109', 'S.YOGESWARAN'),
('CCAS11', 'S.P.SHRUTHI'),
('CCAS110', 'M.S.KOZHINJIAPPAN'),
('CCAS111', 'P.SUBASH KRISHNA'),
('CCAS112', 'R.HARIHARAN'),
('CCAS113', 'M.BALACHANDAR'),
('CCAS115', 'G.YUVAPRASATH'),
('CCAS116', 'SAJJEL.K'),
('CCAS117', 'GNANARA J NAVEEN SARATH PAUL'),
('CCAS118', 'V.VIJAYALAKSHMI'),
('CCAS119', 'M MANJU HARINI'),
('CCAS12', 'MEERA'),
('CCAS120', 'V.VIKASH'),
('CCAS121', 'C GOPI'),
('CCAS122', 'M P RAMACHANDRAN'),
('CCAS123', 'R YASH'),
('CCAS124', 'S.DIVYA DARSHINI'),
('CCAS125', 'S.PRIYADARSHINI'),
('CCAS13', 'M.NITHYA'),
('CCAS14', 'MALATHY RAVI'),
('CCAS15', 'KARUNYA'),
('CCAS16', 'BENJAMIN.M'),
('CCAS17', 'VIVEK ANTONY'),
('CCAS18', 'VIKAS SING');

-- --------------------------------------------------------

--
-- Structure for view `1-May-18`
--
DROP TABLE IF EXISTS `1-May-18`;

CREATE ALGORITHM=UNDEFINED DEFINER=`root`@`localhost` SQL SECURITY DEFINER VIEW `1-May-18`  AS  select `marklist`.`eid` AS `eid`,`month`.`month` AS `month`,`marklist`.`sid` AS `sid`,`students`.`name` AS `name`,`marklist`.`cat` AS `cat`,`marklist`.`ba` AS `ba`,`marklist`.`te9` AS `te9`,`marklist`.`qb` AS `qb`,`marklist`.`bc` AS `bc`,`marklist`.`dt` AS `dt`,`marklist`.`gst` AS `gst` from ((`marklist` join `students` on((`marklist`.`sid` = `students`.`id`))) join `month` on((`marklist`.`mid` = `month`.`id`))) where (`marklist`.`mid` = 1) ;

-- --------------------------------------------------------

--
-- Structure for view `2-Jun-18`
--
DROP TABLE IF EXISTS `2-Jun-18`;

CREATE ALGORITHM=UNDEFINED DEFINER=`root`@`localhost` SQL SECURITY DEFINER VIEW `2-Jun-18`  AS  select `marklist`.`eid` AS `eid`,`month`.`month` AS `month`,`marklist`.`sid` AS `sid`,`students`.`name` AS `name`,`marklist`.`cat` AS `cat`,`marklist`.`ba` AS `ba`,`marklist`.`te9` AS `te9`,`marklist`.`qb` AS `qb`,`marklist`.`bc` AS `bc`,`marklist`.`dt` AS `dt`,`marklist`.`gst` AS `gst` from ((`marklist` join `students` on((`marklist`.`sid` = `students`.`id`))) join `month` on((`marklist`.`mid` = `month`.`id`))) where (`marklist`.`mid` = 2) ;

-- --------------------------------------------------------

--
-- Structure for view `3-Jul-18`
--
DROP TABLE IF EXISTS `3-Jul-18`;

CREATE ALGORITHM=UNDEFINED DEFINER=`root`@`localhost` SQL SECURITY DEFINER VIEW `3-Jul-18`  AS  select `marklist`.`eid` AS `eid`,`month`.`month` AS `month`,`marklist`.`sid` AS `sid`,`students`.`name` AS `name`,`marklist`.`cat` AS `cat`,`marklist`.`ba` AS `ba`,`marklist`.`te9` AS `te9`,`marklist`.`qb` AS `qb`,`marklist`.`bc` AS `bc`,`marklist`.`dt` AS `dt`,`marklist`.`gst` AS `gst` from ((`marklist` join `students` on((`marklist`.`sid` = `students`.`id`))) join `month` on((`marklist`.`mid` = `month`.`id`))) where (`marklist`.`mid` = 3) ;

--
-- Indexes for dumped tables
--

--
-- Indexes for table `marklist`
--
ALTER TABLE `marklist`
  ADD PRIMARY KEY (`eid`),
  ADD KEY `id` (`sid`);

--
-- Indexes for table `month`
--
ALTER TABLE `month`
  ADD PRIMARY KEY (`id`);

--
-- Indexes for table `students`
--
ALTER TABLE `students`
  ADD PRIMARY KEY (`id`),
  ADD UNIQUE KEY `id` (`id`);

--
-- AUTO_INCREMENT for dumped tables
--

--
-- AUTO_INCREMENT for table `marklist`
--
ALTER TABLE `marklist`
  MODIFY `eid` int(11) NOT NULL AUTO_INCREMENT, AUTO_INCREMENT=372;
--
-- AUTO_INCREMENT for table `month`
--
ALTER TABLE `month`
  MODIFY `id` int(4) NOT NULL AUTO_INCREMENT, AUTO_INCREMENT=4;
/*!40101 SET CHARACTER_SET_CLIENT=@OLD_CHARACTER_SET_CLIENT */;
/*!40101 SET CHARACTER_SET_RESULTS=@OLD_CHARACTER_SET_RESULTS */;
/*!40101 SET COLLATION_CONNECTION=@OLD_COLLATION_CONNECTION */;
